{
  "" : {
    "transaction" : "",
    "sampleCount" : 30,
    "errorCount" : 0,
    "errorPct" : 0.0,
    "meanResTime" : 922.6999999999999,
    "medianResTime" : 907.5,
    "minResTime" : 237.0,
    "maxResTime" : 1860.0,
    "pct1ResTime" : 1794.4,
    "pct2ResTime" : 1830.85,
    "pct3ResTime" : 1860.0,
    "throughput" : 7.690335811330428,
    "receivedKBytesPerSec" : 10.576965441553448,
    "sentKBytesPerSec" : 18.55744120097411
  },
  "-80" : {
    "transaction" : "-80",
    "sampleCount" : 10,
    "errorCount" : 0,
    "errorPct" : 0.0,
    "meanResTime" : 245.4,
    "medianResTime" : 288.0,
    "minResTime" : 16.0,
    "maxResTime" : 451.0,
    "pct1ResTime" : 450.8,
    "pct2ResTime" : 451.0,
    "pct3ResTime" : 451.0,
    "throughput" : 8.576329331046313,
    "receivedKBytesPerSec" : 2.2286730810463125,
    "sentKBytesPerSec" : 4.112282911663808
  },
  "-91" : {
    "transaction" : "-91",
    "sampleCount" : 10,
    "errorCount" : 0,
    "errorPct" : 0.0,
    "meanResTime" : 123.0,
    "medianResTime" : 119.5,
    "minResTime" : 118.0,
    "maxResTime" : 154.0,
    "pct1ResTime" : 150.8,
    "pct2ResTime" : 154.0,
    "pct3ResTime" : 154.0,
    "throughput" : 7.662835249042145,
    "receivedKBytesPerSec" : 1.7286278735632186,
    "sentKBytesPerSec" : 3.7865181992337167
  },
  "-81" : {
    "transaction" : "-81",
    "sampleCount" : 10,
    "errorCount" : 0,
    "errorPct" : 0.0,
    "meanResTime" : 251.4,
    "medianResTime" : 251.0,
    "minResTime" : 249.0,
    "maxResTime" : 253.0,
    "pct1ResTime" : 253.0,
    "pct2ResTime" : 253.0,
    "pct3ResTime" : 253.0,
    "throughput" : 7.278020378457059,
    "receivedKBytesPerSec" : 2.6723981077147014,
    "sentKBytesPerSec" : 3.3973571688500726
  },
  "-92" : {
    "transaction" : "-92",
    "sampleCount" : 10,
    "errorCount" : 0,
    "errorPct" : 0.0,
    "meanResTime" : 123.39999999999999,
    "medianResTime" : 119.5,
    "minResTime" : 119.0,
    "maxResTime" : 139.0,
    "pct1ResTime" : 138.7,
    "pct2ResTime" : 139.0,
    "pct3ResTime" : 139.0,
    "throughput" : 7.6452599388379205,
    "receivedKBytesPerSec" : 1.7246631307339448,
    "sentKBytesPerSec" : 3.777833524464832
  },
  "-82" : {
    "transaction" : "-82",
    "sampleCount" : 10,
    "errorCount" : 0,
    "errorPct" : 0.0,
    "meanResTime" : 251.5,
    "medianResTime" : 251.0,
    "minResTime" : 250.0,
    "maxResTime" : 256.0,
    "pct1ResTime" : 255.7,
    "pct2ResTime" : 256.0,
    "pct3ResTime" : 256.0,
    "throughput" : 7.278020378457059,
    "receivedKBytesPerSec" : 2.6723981077147014,
    "sentKBytesPerSec" : 3.376034843522562
  },
  "-85" : {
    "transaction" : "-85",
    "sampleCount" : 10,
    "errorCount" : 0,
    "errorPct" : 0.0,
    "meanResTime" : 119.8,
    "medianResTime" : 119.0,
    "minResTime" : 119.0,
    "maxResTime" : 122.0,
    "pct1ResTime" : 122.0,
    "pct2ResTime" : 122.0,
    "pct3ResTime" : 122.0,
    "throughput" : 8.025682182985554,
    "receivedKBytesPerSec" : 1.8104810393258428,
    "sentKBytesPerSec" : 3.965815609951846
  },
  "-75" : {
    "transaction" : "-75",
    "sampleCount" : 10,
    "errorCount" : 0,
    "errorPct" : 0.0,
    "meanResTime" : 395.8,
    "medianResTime" : 391.5,
    "minResTime" : 384.0,
    "maxResTime" : 421.0,
    "pct1ResTime" : 419.6,
    "pct2ResTime" : 421.0,
    "pct3ResTime" : 421.0,
    "throughput" : 8.920606601248885,
    "receivedKBytesPerSec" : 3.275535236396075,
    "sentKBytesPerSec" : 4.137976694915254
  },
  "-86" : {
    "transaction" : "-86",
    "sampleCount" : 10,
    "errorCount" : 0,
    "errorPct" : 0.0,
    "meanResTime" : 119.50000000000001,
    "medianResTime" : 119.0,
    "minResTime" : 118.0,
    "maxResTime" : 121.0,
    "pct1ResTime" : 121.0,
    "pct2ResTime" : 121.0,
    "pct3ResTime" : 121.0,
    "throughput" : 8.025682182985554,
    "receivedKBytesPerSec" : 1.8104810393258428,
    "sentKBytesPerSec" : 3.965815609951846
  },
  "-76" : {
    "transaction" : "-76",
    "sampleCount" : 10,
    "errorCount" : 0,
    "errorPct" : 0.0,
    "meanResTime" : 251.4,
    "medianResTime" : 251.5,
    "minResTime" : 250.0,
    "maxResTime" : 253.0,
    "pct1ResTime" : 252.9,
    "pct2ResTime" : 253.0,
    "pct3ResTime" : 253.0,
    "throughput" : 10.309278350515465,
    "receivedKBytesPerSec" : 3.785438144329897,
    "sentKBytesPerSec" : 4.782135953608248
  },
  "-87" : {
    "transaction" : "-87",
    "sampleCount" : 10,
    "errorCount" : 0,
    "errorPct" : 0.0,
    "meanResTime" : 121.20000000000002,
    "medianResTime" : 119.5,
    "minResTime" : 118.0,
    "maxResTime" : 135.0,
    "pct1ResTime" : 133.8,
    "pct2ResTime" : 135.0,
    "pct3ResTime" : 135.0,
    "throughput" : 8.00640512409928,
    "receivedKBytesPerSec" : 1.8061324059247397,
    "sentKBytesPerSec" : 3.909377502001601
  },
  "-77" : {
    "transaction" : "-77",
    "sampleCount" : 10,
    "errorCount" : 0,
    "errorPct" : 0.0,
    "meanResTime" : 147.0,
    "medianResTime" : 138.0,
    "minResTime" : 128.0,
    "maxResTime" : 187.0,
    "pct1ResTime" : 187.0,
    "pct2ResTime" : 187.0,
    "pct3ResTime" : 187.0,
    "throughput" : 10.845986984815617,
    "receivedKBytesPerSec" : 2.4467021420824295,
    "sentKBytesPerSec" : 5.338259219088937
  },
  "-88" : {
    "transaction" : "-88",
    "sampleCount" : 10,
    "errorCount" : 0,
    "errorPct" : 0.0,
    "meanResTime" : 122.2,
    "medianResTime" : 119.0,
    "minResTime" : 118.0,
    "maxResTime" : 154.0,
    "pct1ResTime" : 150.60000000000002,
    "pct2ResTime" : 154.0,
    "pct3ResTime" : 154.0,
    "throughput" : 7.800312012480499,
    "receivedKBytesPerSec" : 1.7596406981279251,
    "sentKBytesPerSec" : 3.8544510530421214
  },
  "-78" : {
    "transaction" : "-78",
    "sampleCount" : 10,
    "errorCount" : 0,
    "errorPct" : 0.0,
    "meanResTime" : 119.6,
    "medianResTime" : 119.5,
    "minResTime" : 118.0,
    "maxResTime" : 122.0,
    "pct1ResTime" : 121.9,
    "pct2ResTime" : 122.0,
    "pct3ResTime" : 122.0,
    "throughput" : 11.918951132300357,
    "receivedKBytesPerSec" : 2.6887477651966627,
    "sentKBytesPerSec" : 5.866358760429082
  },
  "-89" : {
    "transaction" : "-89",
    "sampleCount" : 10,
    "errorCount" : 0,
    "errorPct" : 0.0,
    "meanResTime" : 121.2,
    "medianResTime" : 119.0,
    "minResTime" : 118.0,
    "maxResTime" : 139.0,
    "pct1ResTime" : 137.20000000000002,
    "pct2ResTime" : 139.0,
    "pct3ResTime" : 139.0,
    "throughput" : 7.680491551459293,
    "receivedKBytesPerSec" : 1.732610887096774,
    "sentKBytesPerSec" : 3.795242895545315
  },
  "-79" : {
    "transaction" : "-79",
    "sampleCount" : 10,
    "errorCount" : 0,
    "errorPct" : 0.0,
    "meanResTime" : 255.7,
    "medianResTime" : 251.0,
    "minResTime" : 250.0,
    "maxResTime" : 297.0,
    "pct1ResTime" : 292.6,
    "pct2ResTime" : 297.0,
    "pct3ResTime" : 297.0,
    "throughput" : 7.2727272727272725,
    "receivedKBytesPerSec" : 2.6704545454545454,
    "sentKBytesPerSec" : 3.3735795454545454
  },
  "Total" : {
    "transaction" : "Total",
    "sampleCount" : 150,
    "errorCount" : 0,
    "errorPct" : 0.0,
    "meanResTime" : 184.53999999999994,
    "medianResTime" : 122.0,
    "minResTime" : 16.0,
    "maxResTime" : 451.0,
    "pct1ResTime" : 375.3000000000005,
    "pct2ResTime" : 404.24999999999994,
    "pct3ResTime" : 449.98,
    "throughput" : 39.46329913180742,
    "receivedKBytesPerSec" : 10.855233408971323,
    "sentKBytesPerSec" : 19.04566643646409
  }
}